laila:omar:laila_omar2:laila.omar@yahoo.com
mariam:yassin:mariam_yassin3:mariam.yassin@hotmail.com
tarek:nasr:tarek_nasr4:tarek.nasr@gmail.com
yara:hossam:yara_hossam6:yara.hossam@gmail.com
khaled:farid:khaled_farid7:khaled.farid@yahoo.com
dina:magdy:dina_magdy8:dina.magdy@hotmail.com
sami:rashad:sami_rashad9:sami.rashad@gmail.com
hala:gamal:hala_gamal10:hala.gamal@outlook.com
salma:ashraf:salma_ashraf12:salma.ashraf@yahoo.com
nourhan:hamdy:nourhan_hamdy13:nourhan.hamdy@hotmail.com
maged:sherif:maged_sherif14:maged.sherif@gmail.com
shereen:adel:shereen_adel15:shereen.adel@outlook.com
hassan:wael:hassan_wael16:hassan.wael@gmail.com
